userID,venueID,date,year,monthOfYear,dayOfWeek,dayOfMonth,dayHour,visitCount
7509,28838,2011-12-08,2011,12,5,8,23,8
7509,11492,2011-12-10,2011,12,7,10,17,8
7509,487163,2011-12-10,2011,12,7,10,19,8
7509,34034,2011-12-10,2011,12,7,10,21,8
7509,47021,2012-01-28,2012,1,7,28,1,8
7509,47021,2012-01-29,2012,1,1,29,20,8
7509,11492,2012-01-30,2012,1,2,30,1,8
7509,1956,2012-03-31,2012,3,7,31,17,8
9317,64,2012-04-20,2012,4,6,20,15,13
9317,16436,2012-04-20,2012,4,6,20,17,13
9317,5222,2011-12-09,2011,12,6,9,13,13
9317,221221,2011-12-12,2011,12,2,12,0,13
9317,16436,2011-12-12,2011,12,2,12,10,13
9317,2297,2011-12-12,2011,12,2,12,13,13
9317,2297,2011-12-12,2011,12,2,12,13,13
9317,31710,2011-12-14,2011,12,4,14,14,13
9317,2297,2011-12-14,2011,12,4,14,17,13
9317,16436,2012-01-31,2012,1,3,31,10,13
9317,2297,2012-01-31,2012,1,3,31,13,13
9317,7489,2012-03-16,2012,3,6,16,12,13
9317,16436,2012-03-16,2012,3,6,16,14,13
9567,3317,2011-12-13,2011,12,3,13,23,6
9567,12004,2011-12-26,2011,12,2,26,4,6
9567,9822,2012-01-28,2012,1,7,28,12,6
9567,9822,2012-04-13,2012,4,6,13,10,6
9567,9822,2011-12-26,2011,12,2,26,11,6
9567,301823,2012-03-05,2012,3,2,5,22,6
10415,7620,2012-04-22,2012,4,1,22,11,13
10415,819,2011-12-10,2011,12,7,10,5,13
10415,198296,2011-12-10,2011,12,7,10,5,13
10415,827,2011-12-10,2011,12,7,10,18,13
10415,7620,2011-12-23,2011,12,6,23,16,13
10415,280373,2011-12-23,2011,12,6,23,23,13
10415,280373,2011-12-26,2011,12,2,26,18,13
10415,7620,2011-12-27,2011,12,3,27,1,13
10415,60,2012-03-18,2012,3,1,18,22,13
10415,150042,2012-01-25,2012,1,4,25,17,13
10415,7620,2012-01-28,2012,1,7,28,5,13
10415,32679,2012-01-28,2012,1,7,28,11,13
10415,2966,2012-03-16,2012,3,6,16,19,13
12341,175663,2011-12-25,2011,12,1,25,18,12
12341,175663,2011-12-26,2011,12,2,26,1,12
12341,175663,2011-12-26,2011,12,2,26,22,12
12341,32163,2012-01-25,2012,1,4,25,18,12
12341,9822,2012-01-25,2012,1,4,25,22,12
12341,69432,2012-01-26,2012,1,5,26,18,12
12341,11195,2012-01-29,2012,1,1,29,21,12
12341,11195,2012-01-30,2012,1,2,30,22,12
12341,7284,2012-01-31,2012,1,3,31,1,12
12341,56294,2012-03-24,2012,3,7,24,16,12
12341,9822,2012-04-03,2012,4,3,3,10,12
12341,5222,2012-04-03,2012,4,3,3,17,12
15512,562,2012-01-25,2012,1,4,25,21,5
15512,25208,2012-01-26,2012,1,5,26,3,5
15512,60,2012-01-28,2012,1,7,28,1,5
15512,7491,2012-01-28,2012,1,7,28,7,5
15512,61080,2012-01-25,2012,1,4,25,20,5
18956,119538,2011-12-11,2011,12,1,11,2,5
18956,11195,2011-12-25,2011,12,1,25,18,5
18956,4084,2011-12-25,2011,12,1,25,15,5
18956,19683,2011-12-24,2011,12,7,24,18,5
18956,25955,2011-12-11,2011,12,1,11,5,5
21728,16642,2011-12-11,2011,12,1,11,22,6
21728,169272,2011-12-11,2011,12,1,11,3,6
21728,13909,2011-12-12,2011,12,2,12,4,6
21728,169272,2011-12-10,2011,12,7,10,4,6
21728,16642,2011-12-09,2011,12,6,9,16,6
21728,47014,2011-12-10,2011,12,7,10,18,6
22359,150659,2012-01-24,2012,1,3,24,5,7
22359,7620,2012-01-25,2012,1,4,25,20,7
22359,9310,2012-01-25,2012,1,4,25,23,7
22359,94112,2012-01-27,2012,1,6,27,19,7
22359,7620,2012-01-28,2012,1,7,28,4,7
22359,112931,2012-01-28,2012,1,7,28,22,7
22359,15109,2012-01-29,2012,1,1,29,22,7
31628,154352,2011-12-10,2011,12,7,10,5,5
31628,84366,2011-12-12,2011,12,2,12,1,5
31628,56340,2011-12-27,2011,12,3,27,1,5
31628,122962,2012-01-26,2012,1,5,26,22,5
31628,4304,2012-03-31,2012,3,7,31,20,5
40249,783,2011-12-11,2011,12,1,11,0,7
40249,783,2011-12-14,2011,12,4,14,1,7
40249,7620,2012-03-19,2012,3,2,19,18,7
40249,783,2012-01-29,2012,1,1,29,21,7
40249,783,2012-04-01,2012,4,1,1,0,7
40249,783,2012-04-01,2012,4,1,1,22,7
40249,783,2012-04-07,2012,4,7,7,22,7
50100,280373,2011-12-11,2011,12,1,11,16,5
50100,22985,2011-12-11,2011,12,1,11,19,5
50100,292716,2012-01-24,2012,1,3,24,4,5
50100,7489,2012-03-19,2012,3,2,19,11,5
50100,11138,2012-03-23,2012,3,6,23,16,5
56678,890015,2011-12-14,2011,12,4,14,0,5
56678,22412,2011-12-09,2011,12,6,9,1,5
56678,138770,2011-12-25,2011,12,1,25,18,5
56678,101837,2012-01-28,2012,1,7,28,1,5
56678,17422,2012-01-28,2012,1,7,28,23,5
60257,175586,2011-12-24,2011,12,7,24,4,5
60257,46717,2012-04-01,2012,4,1,1,12,5
60257,46717,2012-04-03,2012,4,3,3,12,5
60257,86326,2012-04-01,2012,4,1,1,9,5
60257,86326,2012-04-03,2012,4,3,3,15,5
61655,54830,2012-04-22,2012,4,1,22,1,22
61655,250795,2012-04-21,2012,4,7,21,3,22
61655,54270,2012-04-21,2012,4,7,21,17,22
61655,643413,2012-04-22,2012,4,1,22,4,22
61655,54272,2012-04-22,2012,4,1,22,16,22
61655,1122333,2012-04-22,2012,4,1,22,21,22
61655,54449,2011-12-10,2011,12,7,10,2,22
61655,7284,2011-12-23,2011,12,6,23,19,22
61655,7284,2011-12-23,2011,12,6,23,20,22
61655,4432,2011-12-24,2011,12,7,24,6,22
61655,250795,2012-03-18,2012,3,1,18,21,22
61655,111617,2012-03-19,2012,3,2,19,18,22
61655,282818,2012-03-16,2012,3,6,16,16,22
61655,54272,2012-03-20,2012,3,3,20,3,22
61655,108940,2012-03-17,2012,3,7,17,1,22
61655,54272,2012-03-17,2012,3,7,17,17,22
61655,318782,2012-03-17,2012,3,7,17,21,22
61655,4432,2012-03-24,2012,3,7,24,14,22
61655,84329,2012-03-24,2012,3,7,24,21,22
61655,54272,2012-03-30,2012,3,6,30,22,22
61655,1122333,2012-04-03,2012,4,3,3,0,22
61655,250795,2012-04-10,2012,4,3,10,1,22
64840,275528,2011-12-13,2011,12,3,13,1,8
64840,175407,2012-01-24,2012,1,3,24,2,8
64840,9310,2012-01-27,2012,1,6,27,3,8
64840,7491,2012-01-27,2012,1,6,27,9,8
64840,7620,2012-01-28,2012,1,7,28,5,8
64840,7620,2012-01-28,2012,1,7,28,19,8
64840,5222,2012-01-28,2012,1,7,28,21,8
64840,13112,2012-01-29,2012,1,1,29,7,8
65137,7491,2012-01-27,2012,1,6,27,4,6
65137,7620,2012-01-28,2012,1,7,28,4,6
65137,11195,2012-03-19,2012,3,2,19,14,6
65137,636985,2012-01-29,2012,1,1,29,3,6
65137,7620,2012-01-29,2012,1,1,29,14,6
65137,60,2012-03-20,2012,3,3,20,12,6
71370,17702,2011-12-10,2011,12,7,10,15,5
71370,10936,2011-12-10,2011,12,7,10,21,5
71370,138770,2011-12-10,2011,12,7,10,22,5
71370,43960,2012-03-31,2012,3,7,31,22,5
71370,43960,2012-04-02,2012,4,2,2,14,5
79553,977753,2012-04-22,2012,4,1,22,6,13
79553,1028,2011-12-10,2011,12,7,10,10,13
79553,7620,2011-12-11,2011,12,1,11,21,13
79553,7620,2011-12-12,2011,12,2,12,5,13
79553,4202,2012-03-18,2012,3,1,18,15,13
79553,27007,2011-12-23,2011,12,6,23,4,13
79553,153815,2011-12-23,2011,12,6,23,21,13
79553,7620,2011-12-24,2011,12,7,24,19,13
79553,9822,2011-12-25,2011,12,1,25,2,13
79553,7620,2012-03-18,2012,3,1,18,23,13
79553,56307,2012-01-28,2012,1,7,28,18,13
79553,7620,2012-01-28,2012,1,7,28,22,13
79553,2966,2012-03-18,2012,3,1,18,6,13
83298,357782,2012-04-22,2012,4,1,22,6,5
83298,449681,2012-04-22,2012,4,1,22,19,5
83298,12408,2012-01-23,2012,1,2,23,19,5
83298,154689,2012-03-23,2012,3,6,23,17,5
83298,243312,2012-04-12,2012,4,5,12,23,5
87253,46717,2011-12-10,2011,12,7,10,2,8
87253,116071,2011-12-10,2011,12,7,10,20,8
87253,276892,2011-12-10,2011,12,7,10,21,8
87253,47009,2011-12-11,2011,12,1,11,5,8
87253,93831,2011-12-11,2011,12,1,11,18,8
87253,39605,2012-01-27,2012,1,6,27,4,8
87253,28304,2012-03-17,2012,3,7,17,19,8
87253,23558,2012-03-17,2012,3,7,17,22,8
91183,788,2011-12-10,2011,12,7,10,18,7
91183,156025,2011-12-23,2011,12,6,23,3,7
91183,41423,2011-12-26,2011,12,2,26,19,7
91183,7284,2012-01-26,2012,1,5,26,13,7
91183,192722,2012-01-29,2012,1,1,29,1,7
91183,32163,2012-04-01,2012,4,1,1,13,7
91183,7284,2012-04-01,2012,4,1,1,17,7
94642,62528,2011-12-23,2011,12,6,23,16,5
94642,23558,2011-12-23,2011,12,6,23,17,5
94642,475058,2011-12-23,2011,12,6,23,20,5
94642,23558,2011-12-26,2011,12,2,26,21,5
94642,23558,2012-01-28,2012,1,7,28,18,5
97874,7620,2011-12-13,2011,12,3,13,21,5
97874,7620,2012-01-23,2012,1,2,23,20,5
97874,20073,2012-01-27,2012,1,6,27,19,5
97874,390,2012-01-28,2012,1,7,28,7,5
97874,390,2012-01-29,2012,1,1,29,4,5
100399,11195,2012-01-29,2012,1,1,29,14,11
100399,7620,2011-12-09,2011,12,6,9,0,11
100399,32163,2011-12-13,2011,12,3,13,2,11
100399,1629,2011-12-14,2011,12,4,14,2,11
100399,5222,2011-12-23,2011,12,6,23,7,11
100399,5222,2011-12-26,2011,12,2,26,12,11
100399,9310,2011-12-26,2011,12,2,26,17,11
100399,142074,2012-01-25,2012,1,4,25,19,11
100399,562596,2012-01-28,2012,1,7,28,4,11
100399,12004,2012-01-31,2012,1,3,31,5,11
100399,11195,2012-03-20,2012,3,3,20,14,11
102374,60,2012-04-21,2012,4,7,21,0,7
102374,280373,2012-01-24,2012,1,3,24,2,7
102374,11138,2012-04-01,2012,4,1,1,14,7
102374,32679,2011-12-27,2011,12,3,27,12,7
102374,9822,2012-01-23,2012,1,2,23,23,7
102374,5222,2012-01-24,2012,1,3,24,8,7
102374,5222,2012-01-30,2012,1,2,30,17,7
108897,3104,2012-04-23,2012,4,2,23,0,5
108897,64014,2011-12-09,2011,12,6,9,3,5
108897,2964,2011-12-27,2011,12,3,27,2,5
108897,7284,2012-01-30,2012,1,2,30,22,5
108897,5222,2012-04-06,2012,4,6,6,13,5
127326,11492,2011-12-09,2011,12,6,9,15,5
127326,24907,2012-03-05,2012,3,2,5,23,5
127326,11492,2012-03-30,2012,3,6,30,12,5
127326,11492,2012-04-02,2012,4,2,2,21,5
127326,11492,2012-04-03,2012,4,3,3,12,5
144772,262818,2011-12-10,2011,12,7,10,3,7
144772,392609,2011-12-08,2011,12,5,8,23,7
144772,314793,2011-12-25,2011,12,1,25,7,7
144772,152492,2011-12-24,2011,12,7,24,19,7
144772,2297,2012-03-05,2012,3,2,5,19,7
144772,661383,2012-03-05,2012,3,2,5,21,7
144772,4304,2012-03-16,2012,3,6,16,17,7
149491,7489,2011-12-10,2011,12,7,10,2,16
149491,7489,2011-12-12,2011,12,2,12,11,16
149491,16090,2011-12-12,2011,12,2,12,13,16
149491,7489,2012-01-25,2012,1,4,25,20,16
149491,21948,2012-01-26,2012,1,5,26,1,16
149491,7489,2012-03-19,2012,3,2,19,10,16
149491,7489,2012-03-19,2012,3,2,19,10,16
149491,64,2012-03-19,2012,3,2,19,12,16
149491,7489,2012-01-30,2012,1,2,30,1,16
149491,7489,2012-01-30,2012,1,2,30,11,16
149491,8449,2012-03-16,2012,3,6,16,16,16
149491,21948,2012-03-16,2012,3,6,16,18,16
149491,7489,2012-03-17,2012,3,7,17,0,16
149491,8449,2012-03-30,2012,3,6,30,20,16
149491,7489,2012-04-02,2012,4,2,2,13,16
149491,2964,2012-04-02,2012,4,2,2,15,16
156667,1028,2011-12-10,2011,12,7,10,10,5
156667,342006,2012-01-26,2012,1,5,26,13,5
156667,7620,2012-01-26,2012,1,5,26,18,5
156667,7620,2012-03-17,2012,3,7,17,0,5
156667,21948,2012-03-17,2012,3,7,17,3,5
163740,4202,2012-03-18,2012,3,1,18,17,6
163740,23558,2011-12-23,2011,12,6,23,21,6
163740,7489,2012-03-18,2012,3,1,18,20,6
163740,29488,2012-03-19,2012,3,2,19,2,6
163740,280373,2012-01-30,2012,1,2,30,3,6
163740,280373,2012-01-31,2012,1,3,31,11,6
181169,34750,2012-04-21,2012,4,7,21,23,5
181169,347391,2011-12-10,2011,12,7,10,4,5
181169,5222,2011-12-26,2011,12,2,26,0,5
181169,111655,2011-12-23,2011,12,6,23,3,5
181169,11195,2012-04-12,2012,4,5,12,11,5
181423,11195,2011-12-13,2011,12,3,13,20,6
181423,5222,2011-12-14,2011,12,4,14,3,6
181423,7284,2011-12-24,2011,12,7,24,21,6
181423,11195,2011-12-25,2011,12,1,25,0,6
181423,11195,2012-01-28,2012,1,7,28,19,6
181423,31311,2012-01-28,2012,1,7,28,21,6
182305,788,2011-12-23,2011,12,6,23,19,7
182305,10936,2011-12-26,2011,12,2,26,14,7
182305,10936,2011-12-24,2011,12,7,24,17,7
182305,10936,2012-01-25,2012,1,4,25,23,7
182305,49970,2012-01-27,2012,1,6,27,1,7
182305,49832,2012-01-29,2012,1,1,29,6,7
182305,28193,2012-04-03,2012,4,3,3,0,7
182937,36076,2011-12-13,2011,12,3,13,0,5
182937,114777,2011-12-13,2011,12,3,13,2,5
182937,32124,2011-12-22,2011,12,5,22,23,5
182937,32124,2011-12-23,2011,12,6,23,3,5
182937,21948,2012-01-26,2012,1,5,26,0,5
187272,160031,2011-12-09,2011,12,6,9,2,9
187272,142566,2011-12-10,2011,12,7,10,12,9
187272,7284,2011-12-10,2011,12,7,10,15,9
187272,235939,2012-01-27,2012,1,6,27,17,9
187272,90472,2012-01-29,2012,1,1,29,23,9
187272,4432,2012-03-05,2012,3,2,5,20,9
187272,7620,2012-03-05,2012,3,2,5,23,9
187272,7620,2012-03-05,2012,3,2,5,23,9
187272,815,2012-03-17,2012,3,7,17,2,9
197599,11138,2012-04-21,2012,4,7,21,13,12
197599,11138,2012-04-07,2012,4,7,7,3,12
197599,11195,2012-04-11,2012,4,4,11,10,12
197599,280373,2011-12-25,2011,12,1,25,12,12
197599,2964,2011-12-11,2011,12,1,11,19,12
197599,29488,2011-12-25,2011,12,1,25,15,12
197599,11195,2011-12-11,2011,12,1,11,22,12
197599,13909,2011-12-13,2011,12,3,13,23,12
197599,157566,2011-12-24,2011,12,7,24,5,12
197599,11195,2012-01-25,2012,1,4,25,19,12
197599,11138,2012-03-16,2012,3,6,16,13,12
197599,8449,2012-04-11,2012,4,4,11,1,12
249782,17429,2011-12-10,2011,12,7,10,0,6
249782,2964,2011-12-10,2011,12,7,10,13,6
249782,32679,2011-12-10,2011,12,7,10,19,6
249782,32679,2011-12-14,2011,12,4,14,0,6
249782,2964,2011-12-14,2011,12,4,14,5,6
249782,243308,2012-03-17,2012,3,7,17,21,6
265425,49875,2011-12-12,2011,12,2,12,1,6
265425,194088,2011-12-11,2011,12,1,11,21,6
265425,181287,2012-01-26,2012,1,5,26,2,6
265425,9822,2012-01-28,2012,1,7,28,1,6
265425,305983,2012-01-28,2012,1,7,28,6,6
265425,305983,2012-01-31,2012,1,3,31,7,6
276758,56548,2011-12-12,2011,12,2,12,4,11
276758,12004,2011-12-12,2011,12,2,12,19,11
276758,12004,2012-01-23,2012,1,2,23,17,11
276758,4432,2012-01-23,2012,1,2,23,19,11
276758,2297,2012-01-24,2012,1,3,24,2,11
276758,3104,2012-01-25,2012,1,4,25,21,11
276758,12004,2012-01-26,2012,1,5,26,4,11
276758,621683,2012-01-26,2012,1,5,26,20,11
276758,8449,2012-01-30,2012,1,2,30,6,11
276758,12004,2012-03-19,2012,3,2,19,19,11
276758,5222,2012-04-02,2012,4,2,2,5,11
281298,15889,2012-01-27,2012,1,6,27,1,5
281298,7620,2012-01-27,2012,1,6,27,6,5
281298,8732,2012-01-27,2012,1,6,27,8,5
281298,7620,2012-01-30,2012,1,2,30,1,5
281298,15889,2012-01-30,2012,1,2,30,5,5
284824,23558,2011-12-10,2011,12,7,10,0,7
284824,5222,2011-12-09,2011,12,6,9,17,7
284824,23558,2011-12-25,2011,12,1,25,22,7
284824,5222,2012-01-25,2012,1,4,25,20,7
284824,17099,2012-01-28,2012,1,7,28,0,7
284824,5222,2012-01-28,2012,1,7,28,16,7
284824,23558,2012-01-28,2012,1,7,28,22,7
297739,11492,2011-12-11,2011,12,1,11,2,7
297739,28304,2012-04-22,2012,4,1,22,22,7
297739,11492,2012-01-27,2012,1,6,27,23,7
297739,85220,2012-01-28,2012,1,7,28,3,7
297739,11492,2012-01-28,2012,1,7,28,5,7
297739,17720,2011-12-11,2011,12,1,11,1,7
297739,301823,2011-12-11,2011,12,1,11,6,7
333657,7284,2011-12-26,2011,12,2,26,19,5
333657,10078,2011-12-27,2011,12,3,27,2,5
333657,7204,2012-01-31,2012,1,3,31,5,5
333657,9310,2012-04-02,2012,4,2,2,20,5
333657,32270,2012-04-03,2012,4,3,3,1,5
337717,9640,2011-12-10,2011,12,7,10,2,6
337717,2297,2012-04-22,2012,4,1,22,19,6
337717,9822,2012-04-23,2012,4,2,23,0,6
337717,6384,2011-12-25,2011,12,1,25,1,6
337717,80481,2011-12-10,2011,12,7,10,17,6
337717,819,2011-12-24,2011,12,7,24,1,6
338222,72381,2012-04-21,2012,4,7,21,23,14
338222,54377,2012-04-22,2012,4,1,22,3,14
338222,4432,2011-12-12,2011,12,2,12,3,14
338222,54296,2012-03-18,2012,3,1,18,18,14
338222,509353,2012-03-20,2012,3,3,20,2,14
338222,250795,2012-03-17,2012,3,7,17,2,14
338222,151138,2012-03-17,2012,3,7,17,19,14
338222,151169,2012-03-17,2012,3,7,17,21,14
338222,62118,2012-03-18,2012,3,1,18,3,14
338222,94926,2012-03-18,2012,3,1,18,6,14
338222,42342,2012-03-24,2012,3,7,24,17,14
338222,1074548,2012-03-24,2012,3,7,24,20,14
338222,250795,2012-03-31,2012,3,7,31,16,14
338222,94926,2012-04-01,2012,4,1,1,6,14
339887,23558,2012-04-17,2012,4,3,17,13,7
339887,7491,2012-04-22,2012,4,1,22,20,7
339887,53196,2011-12-27,2011,12,3,27,5,7
339887,23558,2012-01-26,2012,1,5,26,11,7
339887,23558,2012-03-17,2012,3,7,17,0,7
339887,23558,2012-03-17,2012,3,7,17,11,7
339887,11138,2012-03-23,2012,3,6,23,19,7
349132,152868,2011-12-23,2011,12,6,23,5,5
349132,7620,2011-12-24,2011,12,7,24,19,5
349132,2297,2011-12-25,2011,12,1,25,2,5
349132,19633,2012-01-27,2012,1,6,27,5,5
349132,227387,2012-03-18,2012,3,1,18,2,5
356999,114174,2011-12-14,2011,12,4,14,0,5
356999,2540,2012-01-26,2012,1,5,26,0,5
356999,11905,2012-01-26,2012,1,5,26,21,5
356999,23558,2012-01-30,2012,1,2,30,21,5
356999,45882,2012-03-20,2012,3,3,20,1,5
359263,782,2011-12-09,2011,12,6,9,1,7
359263,17416,2011-12-11,2011,12,1,11,20,7
359263,34452,2011-12-12,2011,12,2,12,23,7
359263,34452,2012-01-23,2012,1,2,23,23,7
359263,34452,2012-01-26,2012,1,5,26,22,7
359263,17416,2012-01-29,2012,1,1,29,3,7
359263,1068676,2012-01-30,2012,1,2,30,3,7
368081,1247,2011-12-11,2011,12,1,11,2,5
368081,56580,2011-12-23,2011,12,6,23,3,5
368081,4662,2012-01-23,2012,1,2,23,19,5
368081,77845,2012-01-26,2012,1,5,26,16,5
368081,4662,2012-01-30,2012,1,2,30,14,5
369018,5222,2011-12-11,2011,12,1,11,23,5
369018,86412,2011-12-14,2011,12,4,14,17,5
369018,5222,2012-01-26,2012,1,5,26,4,5
369018,9822,2011-12-09,2011,12,6,9,12,5
369018,30939,2011-12-09,2011,12,6,9,1,5
369447,66465,2011-12-10,2011,12,7,10,6,6
369447,32124,2011-12-09,2011,12,6,9,4,6
369447,32124,2011-12-24,2011,12,7,24,4,6
369447,620692,2011-12-24,2011,12,7,24,9,6
369447,159007,2011-12-24,2011,12,7,24,18,6
369447,9822,2012-03-19,2012,3,2,19,10,6
369758,81495,2011-12-10,2011,12,7,10,4,6
369758,10344,2011-12-11,2011,12,1,11,6,6
369758,64,2011-12-11,2011,12,1,11,14,6
369758,2421,2011-12-23,2011,12,6,23,21,6
369758,54868,2012-01-24,2012,1,3,24,1,6
369758,4432,2012-04-06,2012,4,6,6,18,6
381889,662413,2012-04-21,2012,4,7,21,19,8
381889,190622,2012-04-20,2012,4,6,20,18,8
381889,190622,2012-04-20,2012,4,6,20,18,8
381889,235528,2012-04-21,2012,4,7,21,1,8
381889,235528,2012-04-22,2012,4,1,22,6,8
381889,719816,2012-04-22,2012,4,1,22,22,8
381889,871724,2012-03-31,2012,3,7,31,20,8
381889,516185,2012-03-17,2012,3,7,17,21,8
403452,54369,2012-04-22,2012,4,1,22,3,15
403452,443480,2012-03-18,2012,3,1,18,18,15
403452,12029,2011-12-24,2011,12,7,24,19,15
403452,3075,2011-12-26,2011,12,2,26,19,15
403452,54431,2012-01-28,2012,1,7,28,2,15
403452,239318,2012-03-16,2012,3,6,16,18,15
403452,54825,2012-03-20,2012,3,3,20,1,15
403452,54431,2012-03-17,2012,3,7,17,2,15
403452,670052,2012-03-17,2012,3,7,17,21,15
403452,54431,2012-03-18,2012,3,1,18,0,15
403452,445022,2012-03-18,2012,3,1,18,2,15
403452,54309,2012-03-23,2012,3,6,23,18,15
403452,755695,2012-04-01,2012,4,1,1,17,15
403452,297232,2012-04-02,2012,4,2,2,16,15
403452,206914,2012-04-13,2012,4,6,13,2,15
406215,90472,2011-12-09,2011,12,6,9,23,14
406215,52660,2011-12-08,2011,12,5,8,22,14
406215,52660,2011-12-10,2011,12,7,10,16,14
406215,52660,2011-12-11,2011,12,1,11,4,14
406215,52660,2011-12-12,2011,12,2,12,22,14
406215,52660,2011-12-13,2011,12,3,13,21,14
406215,33767,2011-12-23,2011,12,6,23,22,14
406215,52660,2012-01-23,2012,1,2,23,14,14
406215,52101,2012-01-26,2012,1,5,26,16,14
406215,52660,2012-01-26,2012,1,5,26,22,14
406215,52660,2012-01-27,2012,1,6,27,15,14
406215,52101,2012-03-17,2012,3,7,17,13,14
406215,52101,2012-03-24,2012,3,7,24,13,14
406215,9822,2012-04-01,2012,4,1,1,11,14
410753,33056,2011-12-24,2011,12,7,24,1,5
410753,565442,2011-12-24,2011,12,7,24,16,5
410753,12004,2012-03-19,2012,3,2,19,13,5
410753,25610,2012-03-19,2012,3,2,19,18,5
410753,23558,2012-03-19,2012,3,2,19,20,5
413647,244579,2012-04-22,2012,4,1,22,7,11
413647,244579,2012-04-22,2012,4,1,22,7,11
413647,4432,2011-12-23,2011,12,6,23,17,11
413647,4432,2011-12-26,2011,12,2,26,16,11
413647,299181,2011-12-24,2011,12,7,24,23,11
413647,844288,2012-03-19,2012,3,2,19,4,11
413647,54830,2012-03-19,2012,3,2,19,6,11
413647,88442,2012-03-17,2012,3,7,17,7,11
413647,275494,2012-04-01,2012,4,1,1,5,11
413647,43946,2012-04-01,2012,4,1,1,7,11
413647,315711,2012-04-03,2012,4,3,3,5,11
419027,28193,2011-12-09,2011,12,6,9,0,10
419027,93984,2011-12-09,2011,12,6,9,2,10
419027,20678,2011-12-08,2011,12,5,8,23,10
419027,265483,2011-12-10,2011,12,7,10,22,10
419027,12022,2011-12-11,2011,12,1,11,2,10
419027,6726,2011-12-13,2011,12,3,13,19,10
419027,307629,2012-01-24,2012,1,3,24,1,10
419027,219703,2012-01-25,2012,1,4,25,22,10
419027,51062,2012-03-19,2012,3,2,19,23,10
419027,11492,2012-03-16,2012,3,6,16,23,10
437368,56672,2011-12-13,2011,12,3,13,21,5
437368,11195,2011-12-14,2011,12,4,14,11,5
437368,7284,2011-12-14,2011,12,4,14,14,5
437368,11195,2012-03-18,2012,3,1,18,21,5
437368,7284,2012-03-19,2012,3,2,19,1,5
450755,49219,2011-12-11,2011,12,1,11,22,5
450755,315947,2011-12-09,2011,12,6,9,12,5
450755,195783,2011-12-10,2011,12,7,10,14,5
450755,1005775,2011-12-11,2011,12,1,11,1,5
450755,975460,2011-12-12,2011,12,2,12,13,5
453077,7491,2011-12-24,2011,12,7,24,18,5
453077,60,2011-12-24,2011,12,7,24,20,5
453077,60,2011-12-27,2011,12,3,27,1,5
453077,7491,2011-12-27,2011,12,3,27,5,5
453077,7611,2012-01-30,2012,1,2,30,5,5
455124,33484,2011-12-10,2011,12,7,10,0,27
455124,17722,2011-12-25,2011,12,1,25,20,27
455124,11492,2011-12-25,2011,12,1,25,20,27
455124,17722,2011-12-26,2011,12,2,26,6,27
455124,11492,2011-12-24,2011,12,7,24,0,27
455124,17722,2011-12-24,2011,12,7,24,1,27
455124,11492,2011-12-26,2011,12,2,26,20,27
455124,17722,2011-12-27,2011,12,3,27,6,27
455124,315403,2012-01-23,2012,1,2,23,19,27
455124,831666,2012-01-24,2012,1,3,24,2,27
455124,11492,2012-01-24,2012,1,3,24,6,27
455124,66843,2012-01-25,2012,1,4,25,19,27
455124,11492,2012-01-26,2012,1,5,26,3,27
455124,17722,2012-01-26,2012,1,5,26,4,27
455124,17722,2012-01-26,2012,1,5,26,12,27
455124,293537,2012-01-26,2012,1,5,26,12,27
455124,132792,2012-01-26,2012,1,5,26,12,27
455124,11492,2012-01-27,2012,1,6,27,0,27
455124,17722,2012-01-27,2012,1,6,27,1,27
455124,132792,2012-01-27,2012,1,6,27,13,27
455124,63728,2012-01-27,2012,1,6,27,18,27
455124,33767,2012-01-28,2012,1,7,28,5,27
455124,11492,2012-01-28,2012,1,7,28,12,27
455124,11492,2012-01-29,2012,1,1,29,0,27
455124,17722,2012-01-29,2012,1,1,29,1,27
455124,11492,2012-03-05,2012,3,2,5,20,27
455124,29488,2012-04-03,2012,4,3,3,0,27
459651,90472,2012-04-22,2012,4,1,22,18,5
459651,9132,2012-03-19,2012,3,2,19,19,5
459651,36563,2012-03-30,2012,3,6,30,16,5
459651,2964,2012-04-02,2012,4,2,2,23,5
459651,229944,2012-04-03,2012,4,3,3,1,5
459756,2964,2011-12-11,2011,12,1,11,20,8
459756,10936,2011-12-13,2011,12,3,13,3,8
459756,2964,2011-12-24,2011,12,7,24,0,8
459756,10936,2012-01-26,2012,1,5,26,20,8
459756,188621,2012-01-30,2012,1,2,30,1,8
459756,55833,2012-01-30,2012,1,2,30,13,8
459756,10936,2012-01-30,2012,1,2,30,17,8
459756,7284,2012-03-24,2012,3,7,24,17,8
464269,2964,2012-04-20,2012,4,6,20,21,7
464269,10112,2011-12-10,2011,12,7,10,1,7
464269,3059,2011-12-10,2011,12,7,10,5,7
464269,323671,2011-12-13,2011,12,3,13,0,7
464269,7284,2011-12-14,2011,12,4,14,1,7
464269,7491,2012-04-01,2012,4,1,1,21,7
464269,2964,2012-04-02,2012,4,2,2,3,7
507489,12970,2011-12-27,2011,12,3,27,3,5
507489,12004,2012-03-31,2012,3,7,31,18,5
507489,22952,2012-03-31,2012,3,7,31,18,5
507489,22952,2012-04-01,2012,4,1,1,0,5
507489,22952,2012-04-03,2012,4,3,3,4,5
509452,60,2011-12-09,2011,12,6,9,16,26
509452,60,2011-12-10,2011,12,7,10,16,26
509452,60,2011-12-11,2011,12,1,11,0,26
509452,12004,2011-12-11,2011,12,1,11,2,26
509452,12004,2011-12-11,2011,12,1,11,15,26
509452,12004,2011-12-25,2011,12,1,25,18,26
509452,12004,2011-12-12,2011,12,2,12,15,26
509452,12004,2011-12-14,2011,12,4,14,1,26
509452,60,2011-12-23,2011,12,6,23,14,26
509452,60,2011-12-25,2011,12,1,25,0,26
509452,12004,2011-12-25,2011,12,1,25,1,26
509452,1110864,2012-01-23,2012,1,2,23,17,26
509452,7284,2012-01-25,2012,1,4,25,22,26
509452,12004,2012-03-19,2012,3,2,19,2,26
509452,1052513,2012-01-27,2012,1,6,27,14,26
509452,7284,2012-01-27,2012,1,6,27,16,26
509452,4084,2012-01-27,2012,1,6,27,19,26
509452,60,2012-03-20,2012,3,3,20,1,26
509452,12004,2012-03-30,2012,3,6,30,13,26
509452,12004,2012-03-31,2012,3,7,31,17,26
509452,60,2012-04-03,2012,4,3,3,3,26
509452,60,2012-04-03,2012,4,3,3,16,26
509452,60,2012-04-10,2012,4,3,10,23,26
509452,60,2012-04-11,2012,4,4,11,15,26
509452,60,2012-04-12,2012,4,5,12,21,26
509452,12004,2012-04-12,2012,4,5,12,23,26
515586,7620,2012-03-18,2012,3,1,18,0,9
515586,7620,2011-12-11,2011,12,1,11,2,9
515586,7620,2011-12-12,2011,12,2,12,3,9
515586,7620,2011-12-27,2011,12,3,27,0,9
515586,7620,2012-01-24,2012,1,3,24,2,9
515586,7620,2012-01-28,2012,1,7,28,4,9
515586,7620,2012-01-29,2012,1,1,29,2,9
515586,7620,2012-01-30,2012,1,2,30,4,9
515586,7620,2012-03-16,2012,3,6,16,23,9
519347,434673,2011-12-11,2011,12,1,11,11,5
519347,70567,2011-12-24,2011,12,7,24,7,5
519347,371569,2011-12-24,2011,12,7,24,14,5
519347,772210,2011-12-25,2011,12,1,25,3,5
519347,3570,2012-01-23,2012,1,2,23,14,5
589921,163516,2012-01-27,2012,1,6,27,0,5
589921,60,2012-03-05,2012,3,2,5,23,5
589921,60,2012-03-24,2012,3,7,24,23,5
589921,27519,2012-04-01,2012,4,1,1,2,5
589921,11195,2012-04-02,2012,4,2,2,3,5
600528,6852,2011-12-10,2011,12,7,10,2,5
600528,29488,2011-12-23,2011,12,6,23,12,5
600528,29488,2012-01-28,2012,1,7,28,12,5
600528,5776,2012-01-28,2012,1,7,28,15,5
600528,43674,2012-01-31,2012,1,3,31,2,5
621538,456565,2011-12-11,2011,12,1,11,20,5
621538,11195,2011-12-23,2011,12,6,23,11,5
621538,1206,2011-12-10,2011,12,7,10,1,5
621538,1206,2012-01-29,2012,1,1,29,21,5
621538,149639,2012-03-05,2012,3,2,5,17,5
627868,9310,2011-12-25,2011,12,1,25,3,7
627868,124525,2011-12-27,2011,12,3,27,2,7
627868,3104,2012-01-26,2012,1,5,26,19,7
627868,28741,2012-01-28,2012,1,7,28,17,7
627868,12004,2012-01-29,2012,1,1,29,16,7
627868,4432,2012-01-29,2012,1,1,29,19,7
627868,2964,2012-01-30,2012,1,2,30,0,7
631677,11492,2011-12-12,2011,12,2,12,21,5
631677,11492,2012-03-05,2012,3,2,5,21,5
631677,60,2012-04-07,2012,4,7,7,8,5
631677,468682,2012-04-08,2012,4,1,8,8,5
631677,20073,2012-04-12,2012,4,5,12,4,5
638831,15889,2012-03-18,2012,3,1,18,20,6
638831,2297,2012-01-27,2012,1,6,27,20,6
638831,15889,2012-03-16,2012,3,6,16,16,6
638831,15889,2012-04-09,2012,4,2,9,14,6
638831,2964,2012-04-13,2012,4,6,13,7,6
638831,3104,2012-04-13,2012,4,6,13,10,6
642706,111553,2011-12-13,2011,12,3,13,18,10
642706,23559,2012-03-17,2012,3,7,17,16,10
642706,276777,2012-03-23,2012,3,6,23,19,10
642706,442,2012-03-30,2012,3,6,30,17,10
642706,450261,2012-04-01,2012,4,1,1,6,10
642706,23559,2011-12-09,2011,12,6,9,13,10
642706,23559,2011-12-14,2011,12,4,14,13,10
642706,23559,2012-01-23,2012,1,2,23,14,10
642706,23559,2012-03-19,2012,3,2,19,12,10
642706,23559,2012-04-03,2012,4,3,3,12,10
699921,131703,2011-12-11,2011,12,1,11,20,6
699921,24710,2011-12-24,2011,12,7,24,7,6
699921,414285,2011-12-10,2011,12,7,10,16,6
699921,19844,2012-04-02,2012,4,2,2,23,6
699921,7620,2012-04-08,2012,4,1,8,14,6
699921,131703,2011-12-09,2011,12,6,9,0,6
735371,154981,2011-12-10,2011,12,7,10,5,8
735371,153609,2011-12-09,2011,12,6,9,5,8
735371,29488,2011-12-11,2011,12,1,11,23,8
735371,77539,2011-12-10,2011,12,7,10,22,8
735371,169264,2011-12-11,2011,12,1,11,3,8
735371,694649,2011-12-11,2011,12,1,11,22,8
735371,4084,2011-12-12,2011,12,2,12,3,8
735371,6487,2012-01-24,2012,1,3,24,0,8
739626,31553,2011-12-11,2011,12,1,11,2,6
739626,47014,2012-03-05,2012,3,2,5,18,6
739626,16642,2012-03-05,2012,3,2,5,21,6
739626,47021,2012-03-16,2012,3,6,16,17,6
739626,47021,2012-03-31,2012,3,7,31,17,6
739626,47021,2012-04-01,2012,4,1,1,17,6
749505,1054888,2012-04-21,2012,4,7,21,19,12
749505,72361,2012-04-22,2012,4,1,22,0,12
749505,268575,2012-04-18,2012,4,4,18,1,12
749505,749747,2012-04-22,2012,4,1,22,4,12
749505,4432,2011-12-24,2011,12,7,24,11,12
749505,282562,2012-03-16,2012,3,6,16,15,12
749505,608318,2012-03-17,2012,3,7,17,16,12
749505,43942,2012-03-30,2012,3,6,30,19,12
749505,178847,2012-03-31,2012,3,7,31,17,12
749505,178866,2012-03-31,2012,3,7,31,18,12
749505,424197,2012-04-01,2012,4,1,1,17,12
749505,43942,2012-04-11,2012,4,4,11,19,12
751742,789646,2012-03-18,2012,3,1,18,20,6
751742,9822,2012-01-26,2012,1,5,26,16,6
751742,51712,2012-01-26,2012,1,5,26,18,6
751742,789646,2012-03-19,2012,3,2,19,9,6
751742,9822,2012-03-19,2012,3,2,19,13,6
751742,127030,2012-03-20,2012,3,3,20,12,6
753007,431959,2012-03-19,2012,3,2,19,18,8
753007,341358,2012-03-16,2012,3,6,16,19,8
753007,54508,2012-03-16,2012,3,6,16,20,8
753007,54594,2012-03-17,2012,3,7,17,18,8
753007,151169,2012-03-17,2012,3,7,17,21,8
753007,54270,2012-03-31,2012,3,7,31,16,8
753007,54594,2012-03-31,2012,3,7,31,18,8
753007,837446,2012-04-01,2012,4,1,1,2,8
909736,7324,2011-12-11,2011,12,1,11,19,8
909736,28304,2011-12-14,2011,12,4,14,0,8
909736,2063,2011-12-11,2011,12,1,11,17,8
909736,161042,2012-03-18,2012,3,1,18,14,8
909736,28304,2011-12-12,2011,12,2,12,18,8
909736,161965,2011-12-24,2011,12,7,24,14,8
909736,46717,2012-04-06,2012,4,6,6,12,8
909736,278019,2011-12-24,2011,12,7,24,0,8
917489,60,2012-04-23,2012,4,2,23,1,6
917489,23245,2011-12-25,2011,12,1,25,16,6
917489,9884,2011-12-14,2011,12,4,14,5,6
917489,8449,2011-12-24,2011,12,7,24,14,6
917489,60,2011-12-24,2011,12,7,24,17,6
917489,1243,2012-01-24,2012,1,3,24,7,6
920670,13909,2012-04-02,2012,4,2,2,17,5
920670,2297,2011-12-09,2011,12,6,9,15,5
920670,32163,2011-12-11,2011,12,1,11,12,5
920670,2297,2011-12-13,2011,12,3,13,19,5
920670,2297,2011-12-23,2011,12,6,23,12,5
926179,129098,2011-12-10,2011,12,7,10,20,9
926179,7284,2011-12-14,2011,12,4,14,13,9
926179,13909,2011-12-14,2011,12,4,14,15,9
926179,1343,2011-12-26,2011,12,2,26,20,9
926179,90477,2012-01-23,2012,1,2,23,23,9
926179,38424,2012-01-26,2012,1,5,26,20,9
926179,38424,2012-01-26,2012,1,5,26,23,9
926179,280373,2012-01-27,2012,1,6,27,2,9
926179,7284,2012-01-27,2012,1,6,27,4,9
951689,7491,2012-04-21,2012,4,7,21,14,6
951689,4432,2011-12-10,2011,12,7,10,23,6
951689,7491,2011-12-11,2011,12,1,11,3,6
951689,60,2012-04-01,2012,4,1,1,21,6
951689,7620,2012-04-02,2012,4,2,2,1,6
951689,7491,2012-04-02,2012,4,2,2,7,6
997813,7284,2012-03-05,2012,3,2,5,21,9
997813,7284,2012-03-16,2012,3,6,16,14,9
997813,51712,2011-12-23,2011,12,6,23,0,9
997813,11195,2012-03-19,2012,3,2,19,15,9
997813,774138,2012-01-28,2012,1,7,28,18,9
997813,7284,2012-03-19,2012,3,2,19,18,9
997813,2297,2012-03-06,2012,3,3,6,0,9
997813,11195,2012-03-16,2012,3,6,16,18,9
997813,1042,2012-03-17,2012,3,7,17,2,9
1059955,4432,2012-03-19,2012,3,2,19,15,7
1059955,516185,2012-03-19,2012,3,2,19,22,7
1059955,605779,2012-03-16,2012,3,6,16,20,7
1059955,4432,2012-03-31,2012,3,7,31,19,7
1059955,4432,2012-03-31,2012,3,7,31,19,7
1059955,60,2012-03-31,2012,3,7,31,23,7
1059955,87104,2012-04-01,2012,4,1,1,20,7
1078493,16093,2011-12-25,2011,12,1,25,20,6
1078493,422819,2011-12-13,2011,12,3,13,2,6
1078493,20073,2011-12-26,2011,12,2,26,5,6
1078493,154703,2011-12-26,2011,12,2,26,21,6
1078493,1050042,2011-12-27,2011,12,3,27,8,6
1078493,20073,2011-12-27,2011,12,3,27,11,6
1103169,4084,2012-04-21,2012,4,7,21,10,8
1103169,4084,2012-03-31,2012,3,7,31,15,8
1103169,3104,2012-01-27,2012,1,6,27,2,8
1103169,4084,2012-01-27,2012,1,6,27,4,8
1103169,4084,2012-01-28,2012,1,7,28,11,8
1103169,9310,2012-01-28,2012,1,7,28,17,8
1103169,4202,2012-01-28,2012,1,7,28,20,8
1103169,4084,2012-04-04,2012,4,4,4,18,8
1335616,4432,2012-04-15,2012,4,1,15,15,19
1335616,4432,2011-12-11,2011,12,1,11,13,19
1335616,15889,2011-12-08,2011,12,5,8,22,19
1335616,4432,2011-12-09,2011,12,6,9,3,19
1335616,9310,2011-12-14,2011,12,4,14,12,19
1335616,11138,2011-12-14,2011,12,4,14,16,19
1335616,112006,2011-12-23,2011,12,6,23,23,19
1335616,112006,2012-01-23,2012,1,2,23,16,19
1335616,4432,2012-03-19,2012,3,2,19,1,19
1335616,1011459,2012-01-27,2012,1,6,27,13,19
1335616,11138,2012-01-27,2012,1,6,27,16,19
1335616,84899,2012-01-27,2012,1,6,27,22,19
1335616,84899,2012-01-29,2012,1,1,29,12,19
1335616,5222,2012-01-29,2012,1,1,29,16,19
1335616,4432,2012-01-30,2012,1,2,30,23,19
1335616,4432,2012-03-30,2012,3,6,30,12,19
1335616,11138,2012-03-30,2012,3,6,30,15,19
1335616,4432,2012-04-03,2012,4,3,3,5,19
1335616,4432,2012-04-12,2012,4,5,12,19,19
1338293,86326,2012-04-22,2012,4,1,22,18,5
1338293,17354,2011-12-09,2011,12,6,9,1,5
1338293,86326,2011-12-09,2011,12,6,9,0,5
1338293,192731,2011-12-10,2011,12,7,10,20,5
1338293,86326,2012-01-28,2012,1,7,28,3,5
1339430,39814,2012-04-22,2012,4,1,22,4,8
1339430,2297,2012-04-22,2012,4,1,22,10,8
1339430,31710,2012-04-22,2012,4,1,22,12,8
1339430,2297,2011-12-09,2011,12,6,9,1,8
1339430,16436,2011-12-08,2011,12,5,8,23,8
1339430,1111870,2011-12-23,2011,12,6,23,18,8
1339430,31710,2012-04-01,2012,4,1,1,21,8
1339430,2297,2012-04-02,2012,4,2,2,1,8
1339692,782,2011-12-09,2011,12,6,9,0,13
1339692,782,2011-12-10,2011,12,7,10,14,13
1339692,782,2011-12-12,2011,12,2,12,14,13
1339692,782,2011-12-14,2011,12,4,14,14,13
1339692,12968,2011-12-23,2011,12,6,23,14,13
1339692,782,2011-12-23,2011,12,6,23,15,13
1339692,12032,2011-12-23,2011,12,6,23,21,13
1339692,10936,2012-03-18,2012,3,1,18,18,13
1339692,782,2012-01-23,2012,1,2,23,20,13
1339692,782,2012-01-26,2012,1,5,26,14,13
1339692,782,2012-01-27,2012,1,6,27,14,13
1339692,782,2012-01-28,2012,1,7,28,14,13
1339692,782,2012-01-31,2012,1,3,31,13,13
1340464,28304,2012-03-19,2012,3,2,19,10,6
1340464,14973,2011-12-09,2011,12,6,9,0,6
1340464,212704,2011-12-13,2011,12,3,13,20,6
1340464,28304,2012-03-18,2012,3,1,18,23,6
1340464,86326,2012-03-19,2012,3,2,19,13,6
1340464,28304,2012-03-17,2012,3,7,17,2,6
1340471,36276,2011-12-08,2011,12,5,8,23,5
1340471,23786,2011-12-10,2011,12,7,10,23,5
1340471,496,2011-12-23,2011,12,6,23,17,5
1340471,70871,2011-12-23,2011,12,6,23,17,5
1340471,399256,2012-03-24,2012,3,7,24,18,5
1341848,64313,2011-12-10,2011,12,7,10,23,7
1341848,1629,2011-12-26,2011,12,2,26,2,7
1341848,23558,2011-12-24,2011,12,7,24,12,7
1341848,32679,2011-12-24,2011,12,7,24,18,7
1341848,367307,2011-12-23,2011,12,6,23,17,7
1341848,33056,2011-12-08,2011,12,5,8,23,7
1341848,23558,2012-04-11,2012,4,4,11,11,7
1342961,4084,2011-12-09,2011,12,6,9,2,5
1342961,289914,2011-12-10,2011,12,7,10,23,5
1342961,2964,2012-03-17,2012,3,7,17,8,5
1342961,5222,2012-03-17,2012,3,7,17,16,5
1342961,84329,2012-03-17,2012,3,7,17,22,5
1344423,9030,2011-12-09,2011,12,6,9,2,7
1344423,63554,2011-12-10,2011,12,7,10,20,7
1344423,511442,2011-12-23,2011,12,6,23,18,7
1344423,16098,2011-12-24,2011,12,7,24,15,7
1344423,16535,2011-12-26,2011,12,2,26,20,7
1344423,150526,2011-12-27,2011,12,3,27,0,7
1344423,94056,2012-01-28,2012,1,7,28,0,7
1346968,7491,2012-04-22,2012,4,1,22,4,5
1346968,9822,2012-04-22,2012,4,1,22,10,5
1346968,1049332,2011-12-09,2011,12,6,9,4,5
1346968,21948,2011-12-25,2011,12,1,25,14,5
1346968,7491,2012-03-18,2012,3,1,18,6,5
1347409,6097,2011-12-09,2011,12,6,9,5,5
1347409,187103,2011-12-10,2011,12,7,10,16,5
1347409,23558,2011-12-12,2011,12,2,12,23,5
1347409,7284,2012-03-05,2012,3,2,5,22,5
1347409,86840,2012-04-01,2012,4,1,1,1,5
1348516,47021,2011-12-09,2011,12,6,9,12,6
1348516,47021,2011-12-14,2011,12,4,14,12,6
1348516,47021,2012-01-25,2012,1,4,25,21,6
1348516,47021,2012-01-27,2012,1,6,27,12,6
1348516,47021,2012-01-27,2012,1,6,27,21,6
1348516,47021,2012-01-30,2012,1,2,30,11,6
1349270,484024,2011-12-10,2011,12,7,10,20,5
1349270,552630,2011-12-12,2011,12,2,12,18,5
1349270,630829,2011-12-09,2011,12,6,9,13,5
1349270,517033,2011-12-13,2011,12,3,13,21,5
1349270,43919,2012-01-26,2012,1,5,26,12,5
1349372,46717,2011-12-09,2011,12,6,9,12,6
1349372,995842,2011-12-26,2011,12,2,26,16,6
1349372,13909,2011-12-26,2011,12,2,26,22,6
1349372,25610,2012-04-02,2012,4,2,2,0,6
1349372,46717,2012-04-02,2012,4,2,2,3,6
1349372,46717,2012-04-13,2012,4,6,13,4,6
1349714,780112,2011-12-10,2011,12,7,10,16,17
1349714,12669,2012-04-22,2012,4,1,22,7,17
1349714,282328,2011-12-25,2011,12,1,25,13,17
1349714,507726,2011-12-09,2011,12,6,9,14,17
1349714,15281,2011-12-12,2011,12,2,12,12,17
1349714,15281,2011-12-14,2011,12,4,14,14,17
1349714,780080,2011-12-23,2011,12,6,23,7,17
1349714,507726,2011-12-23,2011,12,6,23,12,17
1349714,305028,2011-12-24,2011,12,7,24,8,17
1349714,15281,2011-12-24,2011,12,7,24,11,17
1349714,353274,2011-12-24,2011,12,7,24,12,17
1349714,15281,2011-12-27,2011,12,3,27,11,17
1349714,12669,2012-01-24,2012,1,3,24,4,17
1349714,583935,2012-01-26,2012,1,5,26,11,17
1349714,15281,2012-01-26,2012,1,5,26,13,17
1349714,583935,2012-01-27,2012,1,6,27,11,17
1349714,282328,2012-01-29,2012,1,1,29,15,17
1350180,254658,2011-12-13,2011,12,3,13,1,12
1350180,496422,2011-12-24,2011,12,7,24,3,12
1350180,688374,2011-12-09,2011,12,6,9,13,12
1350180,688374,2011-12-12,2011,12,2,12,22,12
1350180,254658,2011-12-13,2011,12,3,13,22,12
1350180,688374,2011-12-23,2011,12,6,23,10,12
1350180,254658,2011-12-23,2011,12,6,23,16,12
1350180,254658,2011-12-26,2011,12,2,26,10,12
1350180,688374,2011-12-27,2011,12,3,27,8,12
1350180,254658,2011-12-27,2011,12,3,27,11,12
1350180,688374,2012-01-29,2012,1,1,29,0,12
1350180,254658,2012-01-29,2012,1,1,29,3,12
1351089,16436,2012-03-24,2012,3,7,24,13,5
1351089,123801,2011-12-09,2011,12,6,9,14,5
1351089,16436,2012-03-18,2012,3,1,18,15,5
1351089,125861,2012-03-18,2012,3,1,18,23,5
1351089,39006,2012-03-19,2012,3,2,19,17,5
1354272,28304,2011-12-10,2011,12,7,10,1,6
1354272,86326,2011-12-10,2011,12,7,10,4,6
1354272,86326,2011-12-11,2011,12,1,11,21,6
1354272,191923,2011-12-23,2011,12,6,23,2,6
1354272,86326,2012-03-16,2012,3,6,16,14,6
1354272,2297,2012-03-16,2012,3,6,16,19,6
1354400,815,2011-12-10,2011,12,7,10,1,9
1354400,6345,2011-12-11,2011,12,1,11,23,9
1354400,9640,2011-12-11,2011,12,1,11,19,9
1354400,9822,2011-12-23,2011,12,6,23,23,9
1354400,11195,2011-12-24,2011,12,7,24,2,9
1354400,76595,2012-01-26,2012,1,5,26,19,9
1354400,1248,2012-01-26,2012,1,5,26,23,9
1354400,297706,2012-01-28,2012,1,7,28,16,9
1354400,41423,2012-01-29,2012,1,1,29,20,9
1356053,389,2011-12-10,2011,12,7,10,2,6
1356053,389,2011-12-10,2011,12,7,10,9,6
1356053,389,2011-12-11,2011,12,1,11,3,6
1356053,389,2011-12-11,2011,12,1,11,10,6
1356053,389,2011-12-12,2011,12,2,12,17,6
1356053,60,2011-12-12,2011,12,2,12,21,6
1360285,162654,2011-12-10,2011,12,7,10,3,5
1360285,36371,2011-12-11,2011,12,1,11,3,5
1360285,162654,2011-12-25,2011,12,1,25,4,5
1360285,169701,2012-01-23,2012,1,2,23,21,5
1360285,208,2012-01-24,2012,1,3,24,3,5
1360903,390878,2011-12-10,2011,12,7,10,4,5
1360903,112819,2011-12-10,2011,12,7,10,7,5
1360903,294025,2011-12-25,2011,12,1,25,20,5
1360903,638356,2012-01-23,2012,1,2,23,22,5
1360903,50838,2012-03-18,2012,3,1,18,3,5
1361872,191923,2011-12-12,2011,12,2,12,0,7
1361872,16091,2011-12-10,2011,12,7,10,4,7
1361872,15889,2011-12-12,2011,12,2,12,4,7
1361872,34208,2012-03-18,2012,3,1,18,17,7
1361872,60,2012-03-19,2012,3,2,19,4,7
1361872,22985,2012-03-19,2012,3,2,19,14,7
1361872,22985,2012-04-02,2012,4,2,2,13,7
1362597,174275,2011-12-10,2011,12,7,10,6,5
1362597,663522,2011-12-11,2011,12,1,11,18,5
1362597,203376,2011-12-13,2011,12,3,13,0,5
1362597,11195,2012-03-31,2012,3,7,31,19,5
1362597,7284,2012-03-31,2012,3,7,31,23,5
1363081,38137,2011-12-10,2011,12,7,10,5,7
1363081,38137,2011-12-10,2011,12,7,10,12,7
1363081,70557,2011-12-10,2011,12,7,10,9,7
1363081,25208,2011-12-11,2011,12,1,11,22,7
1363081,79278,2011-12-11,2011,12,1,11,4,7
1363081,819,2011-12-25,2011,12,1,25,3,7
1363081,7092,2012-03-05,2012,3,2,5,22,7
1363409,1350,2011-12-10,2011,12,7,10,6,5
1363409,2964,2012-04-01,2012,4,1,1,11,5
1363409,5222,2012-04-01,2012,4,1,1,18,5
1363409,1350,2011-12-12,2011,12,2,12,6,5
1363409,74511,2012-01-24,2012,1,3,24,2,5
1364015,7491,2012-04-21,2012,4,7,21,0,6
1364015,60,2012-04-21,2012,4,7,21,2,6
1364015,435019,2011-12-10,2011,12,7,10,6,6
1364015,7491,2011-12-25,2011,12,1,25,14,6
1364015,4084,2011-12-25,2011,12,1,25,22,6
1364015,21948,2011-12-25,2011,12,1,25,17,6
1364231,16436,2012-04-21,2012,4,7,21,1,9
1364231,16436,2012-01-23,2012,1,2,23,15,9
1364231,7489,2012-01-23,2012,1,2,23,20,9
1364231,64,2012-01-25,2012,1,4,25,22,9
1364231,16436,2012-01-26,2012,1,5,26,0,9
1364231,16436,2012-04-11,2012,4,4,11,17,9
1364231,16436,2011-12-10,2011,12,7,10,7,9
1364231,15889,2012-01-23,2012,1,2,23,23,9
1364231,15889,2012-01-25,2012,1,4,25,19,9
1365292,1113998,2011-12-10,2011,12,7,10,11,9
1365292,7491,2011-12-12,2011,12,2,12,15,9
1365292,7491,2011-12-14,2011,12,4,14,11,9
1365292,7491,2011-12-24,2011,12,7,24,11,9
1365292,7284,2011-12-24,2011,12,7,24,21,9
1365292,517303,2012-01-26,2012,1,5,26,4,9
1365292,7491,2012-01-26,2012,1,5,26,13,9
1365292,7491,2012-01-28,2012,1,7,28,11,9
1365292,7491,2012-01-29,2012,1,1,29,11,9
1366289,28304,2011-12-10,2011,12,7,10,13,5
1366289,61216,2011-12-10,2011,12,7,10,21,5
1366289,194984,2011-12-11,2011,12,1,11,4,5
1366289,1681,2011-12-12,2011,12,2,12,21,5
1366289,28304,2012-03-23,2012,3,6,23,17,5
1369661,5222,2012-04-18,2012,4,4,18,2,10
1369661,5222,2011-12-10,2011,12,7,10,17,10
1369661,98116,2011-12-11,2011,12,1,11,20,10
1369661,573853,2011-12-25,2011,12,1,25,1,10
1369661,4432,2012-03-18,2012,3,1,18,18,10
1369661,21948,2012-03-16,2012,3,6,16,19,10
1369661,4432,2012-03-17,2012,3,7,17,21,10
1369661,42321,2012-03-17,2012,3,7,17,22,10
1369661,119442,2012-03-18,2012,3,1,18,0,10
1369661,5222,2012-04-11,2012,4,4,11,14,10
1370834,7489,2012-03-30,2012,3,6,30,16,6
1370834,16091,2011-12-11,2011,12,1,11,22,6
1370834,7284,2011-12-10,2011,12,7,10,17,6
1370834,7284,2011-12-11,2011,12,1,11,18,6
1370834,46717,2012-01-26,2012,1,5,26,1,6
1370834,7284,2012-04-01,2012,4,1,1,14,6
1373617,162356,2012-03-05,2012,3,2,5,20,5
1373617,107401,2011-12-10,2011,12,7,10,18,5
1373617,11138,2012-03-05,2012,3,2,5,23,5
1373617,162356,2012-04-03,2012,4,3,3,14,5
1373617,7284,2012-04-03,2012,4,3,3,16,5
1373878,33707,2011-12-10,2011,12,7,10,18,5
1373878,12952,2011-12-10,2011,12,7,10,22,5
1373878,185139,2012-01-24,2012,1,3,24,0,5
1373878,392274,2012-01-26,2012,1,5,26,14,5
1373878,30420,2012-01-29,2012,1,1,29,6,5
1374033,117778,2011-12-10,2011,12,7,10,19,6
1374033,108067,2011-12-10,2011,12,7,10,19,6
1374033,138635,2011-12-11,2011,12,1,11,20,6
1374033,29487,2011-12-12,2011,12,2,12,13,6
1374033,157015,2011-12-12,2011,12,2,12,15,6
1374033,29488,2011-12-12,2011,12,2,12,22,6
1374624,4432,2012-04-21,2012,4,7,21,23,5
1374624,4432,2012-04-21,2012,4,7,21,23,5
1374624,236788,2011-12-10,2011,12,7,10,19,5
1374624,397473,2012-01-23,2012,1,2,23,21,5
1374624,47119,2012-01-27,2012,1,6,27,18,5
1375618,56307,2011-12-10,2011,12,7,10,19,5
1375618,827,2011-12-10,2011,12,7,10,22,5
1375618,9113,2012-03-18,2012,3,1,18,18,5
1375618,10935,2012-01-28,2012,1,7,28,21,5
1375618,821,2012-04-01,2012,4,1,1,6,5
1376210,169601,2012-04-18,2012,4,4,18,1,25
1376210,54273,2012-04-18,2012,4,4,18,2,25
1376210,111071,2012-04-20,2012,4,6,20,18,25
1376210,277755,2012-04-22,2012,4,1,22,16,25
1376210,591438,2011-12-11,2011,12,1,11,23,25
1376210,277755,2011-12-10,2011,12,7,10,18,25
1376210,112913,2011-12-12,2011,12,2,12,15,25
1376210,4432,2011-12-23,2011,12,6,23,1,25
1376210,7489,2011-12-23,2011,12,6,23,6,25
1376210,18006,2012-03-18,2012,3,1,18,22,25
